id,教材名,保管形態,Googleドライブのリンク,紙の保管場所,備考
001,ばっちりくんドリル【基礎編】109 長文の記憶,未確認,,,
002,ばっちりくんドリル【基礎編】79 理科的常識(生き物),未確認,,,
003,ばっちりくんドリル【基礎編】81 理科的常識(植物),未確認,,,
004,ばっちりくんドリル【基礎編】83 理科的常識(自然・科学),未確認,,,
005,ばっちりくんドリル【基礎編】93 条件推理,未確認,,,
006,ひとりでとっくん 22 はさみぎり(基礎編),未確認,,,
007,ひとりでとっくん365日 01基礎1-A,未確認,,,
008,ひとりでとっくん365日 02基礎1-B,未確認,,,
009,ひとりでとっくん365日 03基礎2-A,未確認,,,
010,ひとりでとっくん365日 04基礎2-B,未確認,,,
011,ひとりでとっくん365日 05基礎3-A,未確認,,,
012,ひとりでとっくん単元別　2 点図形2,未確認,,,
013,ひとりでとっくん単元別　3 点図形3,未確認,,,
014,ひとりでとっくん単元別　10 同数発見,未確認,,,
015,ひとりでとっくん単元別　11 同図形発見,未確認,,,
016,ひとりでとっくん単元別　17 分類係数2,未確認,,,
017,ひとりでとっくん単元別　29 仲間はずれ,未確認,,,
018,ひとりでとっくん単元別　35 一対多対応,未確認,,,
019,ひとりでとっくん単元別　38 数の構成,未確認,,,
020,ひとりでとっくん単元別　96 図形分割2,未確認,,,
021,ピンポンワーク 年中6月,未確認,,,
022,ピンポンワーク 年中8月,未確認,,,
023,ピンポンワーク 年中9月,未確認,,,
024,新版ばっちりくんドリル【基礎編】9 倍数・１対多対応,未確認,,,
025,新版ばっちりくんドリル【応用編】16 規則性,未確認,,,
026,新版ばっちりくんドリル【応用編】54 2つ折り・4つ折り・折り目,未確認,,,
027,新版ばっちりくんドリル【基礎編】23 言葉,未確認,,,
028,新版ばっちりくんドリル【基礎編】31 話の理解,未確認,,,
029,新版ばっちりくんドリル【応用編】62 見え方,未確認,,,
030,新版ばっちりくんドリル【基礎編】35 点図形①,未確認,,,
031,新版ばっちりくんドリル【基礎編】39 同形発見・同配列発見,未確認,,,
032,新版ばっちりくんドリル【基礎編】37 点図形②,未確認,,,
033,新版ばっちりくんドリル【基礎編】55 重ね図形•重なった図形,未確認,,,
034,新版ばっちりくんドリル【基礎編】59 立体図形・展開図,未確認,,,
035,新版ばっちりくんドリル【基礎編】63 映像の記憶,未確認,,,
036,新版ばっちりくんドリル【基礎編】65 位置の理解・位置の推理,未確認,,,
037,新版ばっちりくんドリル【基礎編】73 重さの比較・重さの推理,未確認,,,
038,新版ばっちりくんドリル【基礎編】79 生活常識①,未確認,,,
039,新版ばっちりくんドリル【基礎編】83 季節•行事,未確認,,,
040,ひとりでとっくん単元別　54 理科的常識①,未確認,,,
041,ひとりでとっくん単元別　51 重ね点図形,未確認,,,
